,Name,Number,Alt Number,HP,Attack,SpAttack,Defense,SpDefense,Speed,Legendary,Mythical,Pseudolegendary,Fully Evolved,Has Temporary Form,Type1,Type2,Normal,Fire,Water,Electric,Grass,Ice,Fighting,Poison,Ground,Flying,Psychic,Bug,Rock,Ghost,Dragon,Dark,Steel,Fairy
2,Venusaur,3,,80,82,100,83,100,80,0,0,0,1,0,Grass,Poison,1.0,2.0,0.5,0.5,0.25,2.0,0.5,1.0,1.0,2.0,2.0,1.0,1.0,1.0,1.0,1.0,1.0,0.5
5,Charizard,6,,78,84,109,78,85,100,0,0,0,1,0,Fire,Flying,1.0,0.5,2.0,2.0,0.25,1.0,0.5,1.0,0.0,1.0,1.0,0.25,4.0,1.0,1.0,1.0,0.5,0.5
8,Blastoise,9,,79,83,85,100,105,78,0,0,0,1,0,Water,-,1.0,0.5,0.5,2.0,2.0,0.5,1.0,1.0,1.0,1.0,1.0,1.0,1.0,1.0,1.0,1.0,0.5,1.0
11,Butterfree,12,,60,45,90,50,80,70,0,0,0,1,0,Bug,Flying,1.0,2.0,1.0,2.0,0.25,2.0,0.25,1.0,0.0,2.0,1.0,0.5,4.0,1.0,1.0,1.0,1.0,1.0
13,Alolan Raichu,026-a,,60,85,95,50,85,110,0,0,0,1,0,Electric,Psychic,1.0,1.0,1.0,0.5,1.0,1.0,0.5,1.0,2.0,0.5,0.5,2.0,1.0,2.0,1.0,2.0,0.5,1.0
14,Raichu,26,,60,90,90,55,80,110,0,0,0,1,0,Electric,-,1.0,1.0,1.0,0.5,1.0,1.0,1.0,1.0,2.0,0.5,1.0,1.0,1.0,1.0,1.0,1.0,0.5,1.0
17,Alolan Sandslash,028-a,,75,100,25,120,65,65,0,0,0,1,0,Ice,Steel,0.5,4.0,1.0,1.0,0.5,0.25,4.0,0.0,2.0,0.5,0.5,0.5,1.0,1.0,0.5,1.0,1.0,0.5
18,Sandslash,28,,75,100,45,110,55,65,0,0,0,1,0,Ground,-,1.0,1.0,2.0,0.0,2.0,2.0,1.0,0.5,1.0,1.0,1.0,1.0,0.5,1.0,1.0,1.0,1.0,1.0
21,Nidoqueen,31,,90,92,75,87,85,76,0,0,0,1,0,Poison,Ground,1.0,1.0,2.0,0.0,1.0,2.0,0.5,0.25,2.0,1.0,2.0,0.5,0.5,1.0,1.0,1.0,1.0,0.5
24,Nidoking,34,,81,102,85,77,75,85,0,0,0,1,0,Poison,Ground,1.0,1.0,2.0,0.0,1.0,2.0,0.5,0.25,2.0,1.0,2.0,0.5,0.5,1.0,1.0,1.0,1.0,0.5
26,Clefable,36,,95,70,95,73,90,60,0,0,0,1,0,Fairy,-,1.0,1.0,1.0,1.0,1.0,1.0,0.5,2.0,1.0,1.0,1.0,0.5,1.0,1.0,0.0,0.5,2.0,1.0
29,Ninetales,38,,73,76,81,75,100,100,0,0,0,1,0,Fire,-,1.0,0.5,2.0,1.0,0.5,0.5,1.0,1.0,2.0,1.0,1.0,0.5,2.0,1.0,1.0,1.0,0.5,0.5
30,Alolan Ninetales,038-a,,73,67,81,75,100,109,0,0,0,1,0,Ice,Fairy,1.0,2.0,1.0,1.0,1.0,0.5,1.0,2.0,1.0,1.0,1.0,0.5,2.0,1.0,0.0,0.5,4.0,1.0
32,Wigglytuff,40,,140,70,85,45,50,45,0,0,0,1,0,Normal,Fairy,1.0,1.0,1.0,1.0,1.0,1.0,1.0,2.0,1.0,1.0,1.0,0.5,1.0,0.0,0.0,0.5,2.0,1.0
37,Vileplume,45,,75,80,110,85,90,50,0,0,0,1,0,Grass,Poison,1.0,2.0,0.5,0.5,0.25,2.0,0.5,1.0,1.0,2.0,2.0,1.0,1.0,1.0,1.0,1.0,1.0,0.5
40,Alolan Dugtrio,051-a,,35,100,50,60,70,110,0,0,0,1,0,Ground,Steel,0.5,2.0,2.0,0.0,1.0,1.0,2.0,0.0,2.0,0.5,0.5,0.5,0.25,1.0,0.5,1.0,0.5,0.5
41,Dugtrio,51,,35,100,50,50,70,120,0,0,0,1,0,Ground,-,1.0,1.0,2.0,0.0,2.0,2.0,1.0,0.5,1.0,1.0,1.0,1.0,0.5,1.0,1.0,1.0,1.0,1.0
45,Alolan Persian,053-a,,65,60,75,60,65,115,0,0,0,1,0,Dark,-,1.0,1.0,1.0,1.0,1.0,1.0,2.0,1.0,1.0,1.0,0.0,2.0,1.0,0.5,1.0,0.5,1.0,2.0
46,Persian,53,,65,70,65,60,65,115,0,0,0,1,0,Normal,-,1.0,1.0,1.0,1.0,1.0,1.0,2.0,1.0,1.0,1.0,1.0,1.0,1.0,0.0,1.0,1.0,1.0,1.0
48,Golduck,55,,80,82,95,78,80,85,0,0,0,1,0,Water,-,1.0,0.5,0.5,2.0,2.0,0.5,1.0,1.0,1.0,1.0,1.0,1.0,1.0,1.0,1.0,1.0,0.5,1.0
50,Arcanine,59,,90,110,100,80,80,95,0,0,0,1,0,Fire,-,1.0,0.5,2.0,1.0,0.5,0.5,1.0,1.0,2.0,1.0,1.0,0.5,2.0,1.0,1.0,1.0,0.5,0.5
53,Poliwrath,62,,90,95,70,95,90,70,0,0,0,1,0,Water,Fighting,1.0,0.5,0.5,2.0,2.0,0.5,1.0,1.0,1.0,2.0,2.0,0.5,0.5,1.0,1.0,0.5,0.5,2.0
56,Alakazam,65,,55,50,135,45,95,120,0,0,0,1,0,Psychic,-,1.0,1.0,1.0,1.0,1.0,1.0,0.5,1.0,1.0,1.0,0.5,2.0,1.0,2.0,1.0,2.0,1.0,1.0
59,Machamp,68,,90,130,65,80,85,55,0,0,0,1,0,Fighting,-,1.0,1.0,1.0,1.0,1.0,1.0,1.0,1.0,1.0,2.0,2.0,0.5,0.5,1.0,1.0,0.5,1.0,2.0
61,Tentacruel,73,,80,70,80,65,120,100,0,0,0,1,0,Water,Poison,1.0,0.5,0.5,2.0,1.0,0.5,0.5,0.5,2.0,1.0,2.0,0.5,1.0,1.0,1.0,1.0,0.5,0.5
64,Rapidash,78,,65,100,80,70,80,105,0,0,0,1,0,Fire,-,1.0,0.5,2.0,1.0,0.5,0.5,1.0,1.0,2.0,1.0,1.0,0.5,2.0,1.0,1.0,1.0,0.5,0.5
65,Galarian Rapidash,078-g,,65,100,80,70,80,105,0,0,0,1,0,Psychic,Fairy,1.0,1.0,1.0,1.0,1.0,1.0,0.25,2.0,1.0,1.0,0.5,1.0,1.0,2.0,0.0,1.0,2.0,1.0
68,Galarian Slowbro,080-g,,95,100,100,95,70,30,0,0,0,1,0,Poison,Psychic,1.0,1.0,1.0,1.0,0.5,1.0,0.25,0.5,2.0,1.0,1.0,1.0,1.0,2.0,1.0,2.0,1.0,0.5
69,Slowbro,80,,95,75,100,110,80,30,0,0,0,1,0,Water,Psychic,1.0,0.5,0.5,2.0,2.0,0.5,0.5,1.0,1.0,1.0,0.5,2.0,1.0,2.0,1.0,2.0,0.5,1.0
73,Farfetch'd,83,,52,90,58,55,62,60,0,0,0,1,0,Normal,Flying,1.0,1.0,1.0,2.0,0.5,2.0,1.0,1.0,0.0,1.0,1.0,0.5,2.0,0.0,1.0,1.0,1.0,1.0
75,Cloyster,91,,50,95,85,180,45,70,0,0,0,1,0,Water,Ice,1.0,1.0,0.5,2.0,2.0,0.25,2.0,1.0,1.0,1.0,1.0,1.0,2.0,1.0,1.0,1.0,1.0,1.0
78,Gengar,94,,60,65,130,60,75,110,0,0,0,1,0,Ghost,Poison,0.0,1.0,1.0,1.0,0.5,1.0,0.0,0.25,2.0,1.0,2.0,0.25,1.0,2.0,1.0,2.0,1.0,0.5
79,Onix,95,,35,45,30,160,45,70,0,0,0,1,0,Rock,Ground,0.5,0.5,4.0,0.0,4.0,2.0,2.0,0.25,2.0,0.5,1.0,1.0,0.5,1.0,1.0,1.0,2.0,1.0
81,Kingler,99,,55,130,50,115,50,75,0,0,0,1,0,Water,-,1.0,0.5,0.5,2.0,2.0,0.5,1.0,1.0,1.0,1.0,1.0,1.0,1.0,1.0,1.0,1.0,0.5,1.0
84,Exeggutor,103,,95,95,125,85,75,55,0,0,0,1,0,Grass,Psychic,1.0,2.0,0.5,0.5,0.5,2.0,0.5,2.0,0.5,2.0,0.5,4.0,1.0,2.0,1.0,2.0,1.0,1.0
86,Alolan Marowak,105-a,,60,80,50,110,80,45,0,0,0,1,0,Fire,Ghost,0.0,0.5,2.0,1.0,0.5,0.5,0.0,0.5,2.0,1.0,1.0,0.25,2.0,2.0,1.0,2.0,0.5,0.5
87,Marowak,105,,60,80,50,110,80,45,0,0,0,1,0,Ground,-,1.0,1.0,2.0,0.0,2.0,2.0,1.0,0.5,1.0,1.0,1.0,1.0,0.5,1.0,1.0,1.0,1.0,1.0
88,Hitmonlee,106,,50,120,35,53,110,87,0,0,0,1,0,Fighting,-,1.0,1.0,1.0,1.0,1.0,1.0,1.0,1.0,1.0,2.0,2.0,0.5,0.5,1.0,1.0,0.5,1.0,2.0
89,Hitmonchan,107,,50,105,35,79,110,76,0,0,0,1,0,Fighting,-,1.0,1.0,1.0,1.0,1.0,1.0,1.0,1.0,1.0,2.0,2.0,0.5,0.5,1.0,1.0,0.5,1.0,2.0
92,Weezing,110,,65,90,85,120,70,60,0,0,0,1,0,Poison,-,1.0,1.0,1.0,1.0,0.5,1.0,0.5,0.5,2.0,1.0,2.0,0.5,1.0,1.0,1.0,1.0,1.0,0.5
93,Galarian Weezing,110-g,,65,90,85,120,70,60,0,0,0,1,0,Poison,Fairy,1.0,1.0,1.0,1.0,0.5,1.0,0.25,1.0,2.0,1.0,2.0,0.25,1.0,1.0,0.0,0.5,2.0,0.5
98,Kangaskhan,115,,105,95,40,80,80,90,0,0,0,1,0,Normal,-,1.0,1.0,1.0,1.0,1.0,1.0,2.0,1.0,1.0,1.0,1.0,1.0,1.0,0.0,1.0,1.0,1.0,1.0
102,Seaking,119,,80,92,65,65,80,68,0,0,0,1,0,Water,-,1.0,0.5,0.5,2.0,2.0,0.5,1.0,1.0,1.0,1.0,1.0,1.0,1.0,1.0,1.0,1.0,0.5,1.0
104,Starmie,121,,60,75,100,85,85,115,0,0,0,1,0,Water,Psychic,1.0,0.5,0.5,2.0,2.0,0.5,0.5,1.0,1.0,1.0,0.5,2.0,1.0,2.0,1.0,2.0,0.5,1.0
107,Scyther,123,,70,110,55,80,80,105,0,0,0,1,0,Bug,Flying,1.0,2.0,1.0,2.0,0.25,2.0,0.25,1.0,0.0,2.0,1.0,0.5,4.0,1.0,1.0,1.0,1.0,1.0
108,Jynx,124,,65,50,115,35,95,95,0,0,0,1,0,Ice,Psychic,1.0,2.0,1.0,1.0,1.0,0.5,1.0,1.0,1.0,1.0,0.5,2.0,2.0,2.0,1.0,2.0,2.0,1.0
111,Pinsir,127,,65,125,55,100,70,85,0,0,0,1,0,Bug,-,1.0,2.0,1.0,1.0,0.5,1.0,0.5,1.0,0.5,2.0,1.0,1.0,2.0,1.0,1.0,1.0,1.0,1.0
112,Tauros,128,,75,100,40,95,70,110,0,0,0,1,0,Normal,-,1.0,1.0,1.0,1.0,1.0,1.0,2.0,1.0,1.0,1.0,1.0,1.0,1.0,0.0,1.0,1.0,1.0,1.0
114,Gyarados,130,,95,125,60,79,100,81,0,0,0,1,0,Water,Flying,1.0,0.5,0.5,4.0,1.0,1.0,0.5,1.0,0.0,1.0,1.0,0.5,2.0,1.0,1.0,1.0,0.5,1.0
115,Lapras,131,,130,85,85,80,95,60,0,0,0,1,0,Water,Ice,1.0,1.0,0.5,2.0,2.0,0.25,2.0,1.0,1.0,1.0,1.0,1.0,2.0,1.0,1.0,1.0,1.0,1.0
118,Vaporeon,134,,130,65,110,60,95,65,0,0,0,1,0,Water,-,1.0,0.5,0.5,2.0,2.0,0.5,1.0,1.0,1.0,1.0,1.0,1.0,1.0,1.0,1.0,1.0,0.5,1.0
119,Jolteon,135,,65,65,110,60,95,130,0,0,0,1,0,Electric,-,1.0,1.0,1.0,0.5,1.0,1.0,1.0,1.0,2.0,0.5,1.0,1.0,1.0,1.0,1.0,1.0,0.5,1.0
120,Flareon,136,,65,130,95,60,110,65,0,0,0,1,0,Fire,-,1.0,0.5,2.0,1.0,0.5,0.5,1.0,1.0,2.0,1.0,1.0,0.5,2.0,1.0,1.0,1.0,0.5,0.5
123,Omastar,139,,70,60,115,125,70,55,0,0,0,1,0,Rock,Water,0.5,0.25,1.0,2.0,4.0,0.5,2.0,0.5,2.0,0.5,1.0,1.0,1.0,1.0,1.0,1.0,1.0,1.0
125,Kabutops,141,,60,115,65,105,70,80,0,0,0,1,0,Rock,Water,0.5,0.25,1.0,2.0,4.0,0.5,2.0,0.5,2.0,0.5,1.0,1.0,1.0,1.0,1.0,1.0,1.0,1.0
126,Aerodactyl,142,,80,105,60,65,75,130,0,0,0,1,0,Rock,Flying,0.5,0.5,2.0,2.0,1.0,2.0,1.0,0.5,0.0,0.5,1.0,0.5,2.0,1.0,1.0,1.0,2.0,1.0
127,Snorlax,143,,160,110,65,65,110,30,0,0,0,1,0,Normal,-,1.0,1.0,1.0,1.0,1.0,1.0,2.0,1.0,1.0,1.0,1.0,1.0,1.0,0.0,1.0,1.0,1.0,1.0
140,Noctowl,164,,100,50,86,50,96,70,0,0,0,1,0,Normal,Flying,1.0,1.0,1.0,2.0,0.5,2.0,1.0,1.0,0.0,1.0,1.0,0.5,2.0,0.0,1.0,1.0,1.0,1.0
141,Crobat,169,,85,90,70,80,80,130,0,0,0,1,0,Poison,Flying,1.0,1.0,1.0,2.0,0.25,2.0,0.25,0.5,0.0,1.0,2.0,0.25,2.0,1.0,1.0,1.0,1.0,0.5
143,Lanturn,171,,125,58,76,58,76,67,0,0,0,1,0,Water,Electric,1.0,0.5,0.5,1.0,2.0,0.5,1.0,1.0,2.0,0.5,1.0,1.0,1.0,1.0,1.0,1.0,0.25,1.0
150,Xatu,178,,65,75,95,70,70,95,0,0,0,1,0,Psychic,Flying,1.0,1.0,1.0,2.0,0.5,2.0,0.25,1.0,0.0,1.0,0.5,1.0,2.0,2.0,1.0,2.0,1.0,1.0
151,Bellossom,182,,75,80,90,95,100,50,0,0,0,1,0,Grass,-,1.0,2.0,0.5,0.5,0.5,2.0,1.0,2.0,0.5,2.0,1.0,2.0,1.0,1.0,1.0,1.0,1.0,1.0
153,Azumarill,184,,100,50,60,80,80,50,0,0,0,1,0,Water,Fairy,1.0,0.5,0.5,2.0,2.0,0.5,0.5,2.0,1.0,1.0,1.0,0.5,1.0,1.0,0.0,0.5,1.0,1.0
154,Sudowoodo,185,,70,100,30,115,65,30,0,0,0,1,0,Rock,-,0.5,0.5,2.0,1.0,2.0,1.0,2.0,0.5,2.0,0.5,1.0,1.0,1.0,1.0,1.0,1.0,2.0,1.0
155,Politoed,186,,90,75,75,90,100,70,0,0,0,1,0,Rock,-,0.5,0.5,2.0,1.0,2.0,1.0,2.0,0.5,2.0,0.5,1.0,1.0,1.0,1.0,1.0,1.0,2.0,1.0
157,Quagsire,195,,95,85,65,85,65,35,0,0,0,1,0,Water,Ground,1.0,0.5,1.0,0.0,4.0,1.0,1.0,0.5,1.0,1.0,1.0,1.0,0.5,1.0,1.0,1.0,0.5,1.0
158,Espeon,196,,65,65,130,60,95,110,0,0,0,1,0,Psychic,-,1.0,1.0,1.0,1.0,1.0,1.0,0.5,1.0,1.0,1.0,0.5,2.0,1.0,2.0,1.0,2.0,1.0,1.0
159,Umbreon,197,,95,65,60,110,130,65,0,0,0,1,0,Dark,-,1.0,1.0,1.0,1.0,1.0,1.0,2.0,1.0,1.0,1.0,0.0,2.0,1.0,0.5,1.0,0.5,1.0,2.0
160,Slowking,199,,95,75,100,80,110,30,0,0,0,1,0,Water,Psychic,1.0,0.5,0.5,2.0,2.0,0.5,0.5,1.0,1.0,1.0,0.5,2.0,1.0,2.0,1.0,2.0,0.5,1.0
161,Galarian Slowking,199-g,,95,65,110,80,110,30,0,0,0,1,0,Poison,Psychic,1.0,1.0,1.0,1.0,0.5,1.0,0.25,0.5,2.0,1.0,1.0,1.0,1.0,2.0,1.0,2.0,1.0,0.5
163,Dunsparce,206,,100,70,65,70,65,45,0,0,0,1,0,Normal,-,1.0,1.0,1.0,1.0,1.0,1.0,2.0,1.0,1.0,1.0,1.0,1.0,1.0,0.0,1.0,1.0,1.0,1.0
164,Steelix,208,,75,85,55,200,65,30,0,0,0,1,0,Steel,Ground,0.5,2.0,2.0,0.0,1.0,1.0,2.0,0.0,2.0,0.5,0.5,0.5,0.25,1.0,0.5,1.0,0.5,0.5
165,Qwilfish,211,,65,95,55,85,55,85,0,0,0,1,0,Water,Poison,1.0,0.5,0.5,2.0,1.0,0.5,0.5,0.5,2.0,1.0,2.0,0.5,1.0,1.0,1.0,1.0,0.5,0.5
166,Scizor,212,,70,130,55,100,80,65,0,0,0,1,0,Bug,Steel,0.5,4.0,1.0,1.0,0.25,0.5,1.0,0.0,1.0,1.0,0.5,0.5,1.0,1.0,0.5,1.0,0.5,0.5
167,Shuckle,213,,20,10,10,230,230,5,0,0,0,1,0,Bug,Rock,0.5,1.0,2.0,1.0,1.0,1.0,1.0,0.5,1.0,1.0,1.0,1.0,2.0,1.0,1.0,1.0,2.0,1.0
168,Heracross,214,,80,125,40,75,95,85,0,0,0,1,0,Bug,Fighting,1.0,2.0,1.0,1.0,0.5,1.0,0.5,1.0,0.5,4.0,2.0,0.5,1.0,1.0,1.0,0.5,1.0,2.0
172,Corsola,222,,65,55,65,95,95,35,0,0,0,1,0,Water,Rock,0.5,0.25,1.0,2.0,4.0,0.5,2.0,0.5,2.0,0.5,1.0,1.0,1.0,1.0,1.0,1.0,1.0,1.0
177,Mantine,226,,85,40,80,70,140,70,0,0,0,1,0,Water,Flying,1.0,0.5,0.5,4.0,1.0,1.0,0.5,1.0,0.0,1.0,1.0,0.5,2.0,1.0,1.0,1.0,0.5,1.0
178,Skarmory,227,,65,80,40,140,70,70,0,0,0,1,0,Steel,Flying,0.5,2.0,1.0,2.0,0.25,1.0,1.0,0.0,0.0,0.5,0.5,0.25,1.0,1.0,0.5,1.0,0.5,0.5
179,Kingdra,230,,75,95,95,95,95,85,0,0,0,1,0,Water,Dragon,1.0,0.25,0.25,1.0,1.0,1.0,1.0,1.0,1.0,1.0,1.0,1.0,1.0,1.0,2.0,1.0,0.5,2.0
182,Hitmontop,237,,50,95,35,95,110,70,0,0,0,1,0,Fighting,-,1.0,1.0,1.0,1.0,1.0,1.0,1.0,1.0,1.0,2.0,2.0,0.5,0.5,1.0,1.0,0.5,1.0,2.0
186,Miltank,241,,95,80,40,105,70,100,0,0,0,1,0,Normal,-,1.0,1.0,1.0,1.0,1.0,1.0,2.0,1.0,1.0,1.0,1.0,1.0,1.0,0.0,1.0,1.0,1.0,1.0
187,Blissey,242,,255,10,75,10,135,55,0,0,0,1,0,Normal,-,1.0,1.0,1.0,1.0,1.0,1.0,2.0,1.0,1.0,1.0,1.0,1.0,1.0,0.0,1.0,1.0,1.0,1.0
199,Sceptile,254,,70,85,105,65,85,120,0,0,0,1,0,Grass,-,1.0,2.0,0.5,0.5,0.5,2.0,1.0,2.0,0.5,2.0,1.0,2.0,1.0,1.0,1.0,1.0,1.0,1.0
202,Blaziken,257,,80,120,110,70,70,80,0,0,0,1,0,Fire,Fighting,1.0,0.5,2.0,1.0,0.5,0.5,1.0,1.0,2.0,2.0,2.0,0.25,1.0,1.0,1.0,0.5,0.5,1.0
205,Swampert,260,,100,110,85,90,90,60,0,0,0,1,0,Water,Ground,1.0,0.5,1.0,0.0,4.0,1.0,1.0,0.5,1.0,1.0,1.0,1.0,0.5,1.0,1.0,1.0,0.5,1.0
208,Linoone,264,,78,70,50,61,61,100,0,0,0,1,0,Normal,-,1.0,1.0,1.0,1.0,1.0,1.0,2.0,1.0,1.0,1.0,1.0,1.0,1.0,0.0,1.0,1.0,1.0,1.0
212,Ludicolo,272,,80,70,90,70,100,70,0,0,0,1,0,Water,Grass,1.0,1.0,0.25,1.0,1.0,1.0,1.0,2.0,0.5,2.0,1.0,2.0,1.0,1.0,1.0,1.0,0.5,1.0
215,Shiftry,275,,90,100,90,60,60,80,0,0,0,1,0,Grass,Dark,1.0,2.0,0.5,0.5,0.5,2.0,2.0,2.0,0.5,2.0,0.0,4.0,1.0,0.5,1.0,0.5,1.0,2.0
217,Pelipper,279,,60,50,95,100,70,65,0,0,0,1,0,Water,Flying,1.0,0.5,0.5,4.0,1.0,1.0,0.5,1.0,0.0,1.0,1.0,0.5,2.0,1.0,1.0,1.0,0.5,1.0
220,Gardevoir,282,,68,65,125,65,115,80,0,0,0,1,0,Psychic,Fairy,1.0,1.0,1.0,1.0,1.0,1.0,0.25,2.0,1.0,1.0,0.5,1.0,1.0,2.0,0.0,1.0,2.0,1.0
222,Ninjask,291,,61,90,50,45,50,160,0,0,0,1,0,Bug,Flying,1.0,2.0,1.0,2.0,0.25,2.0,0.25,1.0,0.0,2.0,1.0,0.5,4.0,1.0,1.0,1.0,1.0,1.0
223,Shedinja,292,,1,90,30,45,30,40,0,0,0,1,0,Bug,Ghost,0.0,2.0,1.0,1.0,0.5,1.0,0.0,0.5,0.5,2.0,1.0,0.5,2.0,2.0,1.0,2.0,1.0,1.0
226,Exploud,295,,104,91,91,63,73,68,0,0,0,1,0,Normal,-,1.0,1.0,1.0,1.0,1.0,1.0,2.0,1.0,1.0,1.0,1.0,1.0,1.0,0.0,1.0,1.0,1.0,1.0
228,Sableye,302,,50,75,65,75,65,50,0,0,0,1,0,Dark,Ghost,0.0,1.0,1.0,1.0,1.0,1.0,0.0,0.5,1.0,1.0,0.0,1.0,1.0,1.0,1.0,1.0,1.0,2.0
229,Mawile,303,,50,85,55,85,55,50,0,0,0,1,0,Steel,Fairy,0.5,2.0,1.0,1.0,0.5,0.5,1.0,0.0,2.0,0.5,0.5,0.25,0.5,1.0,0.0,0.5,1.0,0.5
232,Aggron,306,,70,110,60,180,60,50,0,0,0,1,0,Steel,Rock,0.25,1.0,2.0,1.0,1.0,0.5,4.0,0.0,4.0,0.25,0.5,0.5,0.5,1.0,0.5,1.0,1.0,0.5
234,Manectric,310,,70,75,105,60,60,105,0,0,0,1,0,Electric,-,1.0,1.0,1.0,0.5,1.0,1.0,1.0,1.0,2.0,0.5,1.0,1.0,1.0,1.0,1.0,1.0,0.5,1.0
237,Sharpedo,319,,70,120,95,40,40,95,0,0,0,1,0,Water,Dark,1.0,0.5,0.5,2.0,2.0,0.5,2.0,1.0,1.0,1.0,0.0,2.0,1.0,0.5,1.0,0.5,0.5,2.0
239,Wailord,321,,170,90,90,45,45,60,0,0,0,1,0,Water,-,1.0,0.5,0.5,2.0,2.0,0.5,1.0,1.0,1.0,1.0,1.0,1.0,1.0,1.0,1.0,1.0,0.5,1.0
240,Torkoal,324,,70,85,85,140,70,20,0,0,0,1,0,Fire,-,1.0,0.5,2.0,1.0,0.5,0.5,1.0,1.0,2.0,1.0,1.0,0.5,2.0,1.0,1.0,1.0,0.5,0.5
243,Flygon,330,,80,100,80,80,80,100,0,0,0,1,0,Ground,Dragon,1.0,0.5,1.0,0.0,1.0,4.0,1.0,0.5,1.0,1.0,1.0,1.0,0.5,1.0,2.0,1.0,1.0,2.0
245,Altaria,334,,75,70,70,90,105,80,0,0,0,1,0,Dragon,Flying,1.0,0.5,0.5,1.0,0.25,4.0,0.5,1.0,0.0,1.0,1.0,0.5,2.0,1.0,2.0,1.0,1.0,2.0
246,Lunatone,337,,90,55,95,65,85,70,0,0,0,1,0,Rock,Psychic,0.5,0.5,2.0,1.0,2.0,1.0,1.0,0.5,2.0,0.5,0.5,2.0,1.0,2.0,1.0,2.0,2.0,1.0
247,Solrock,338,,90,95,55,85,65,70,0,0,0,1,0,Rock,Psychic,0.5,0.5,2.0,1.0,2.0,1.0,1.0,0.5,2.0,0.5,0.5,2.0,1.0,2.0,1.0,2.0,2.0,1.0
249,Whiscash,340,,110,78,76,73,71,60,0,0,0,1,0,Water,Ground,1.0,0.5,1.0,0.0,4.0,1.0,1.0,0.5,1.0,1.0,1.0,1.0,0.5,1.0,1.0,1.0,0.5,1.0
251,Crawdaunt,342,,63,120,90,85,55,55,0,0,0,1,0,Water,Dark,1.0,0.5,0.5,2.0,2.0,0.5,2.0,1.0,1.0,1.0,0.0,2.0,1.0,0.5,1.0,0.5,0.5,2.0
253,Claydol,344,,60,70,70,105,120,75,0,0,0,1,0,Ground,Psychic,1.0,1.0,2.0,0.0,2.0,2.0,0.5,0.5,1.0,1.0,0.5,2.0,0.5,2.0,1.0,2.0,1.0,1.0
255,Cradily,346,,86,81,81,97,107,43,0,0,0,1,0,Rock,Grass,0.5,1.0,1.0,0.5,1.0,2.0,2.0,1.0,1.0,1.0,1.0,2.0,1.0,1.0,1.0,1.0,2.0,1.0
257,Armaldo,348,,75,125,70,100,80,45,0,0,0,1,0,Rock,Bug,0.5,1.0,2.0,1.0,1.0,1.0,1.0,0.5,1.0,1.0,1.0,1.0,2.0,1.0,1.0,1.0,2.0,1.0
259,Milotic,350,,95,60,100,79,125,81,0,0,0,1,0,Water,-,1.0,0.5,0.5,2.0,2.0,0.5,1.0,1.0,1.0,1.0,1.0,1.0,1.0,1.0,1.0,1.0,0.5,1.0
262,Absol,359,,65,130,75,60,60,75,0,0,0,1,0,Dark,-,1.0,1.0,1.0,1.0,1.0,1.0,2.0,1.0,1.0,1.0,0.0,2.0,1.0,0.5,1.0,0.5,1.0,2.0
265,Glalie,362,,80,80,80,80,80,80,0,0,0,1,0,Ice,-,1.0,2.0,1.0,1.0,1.0,0.5,2.0,1.0,1.0,1.0,1.0,1.0,2.0,1.0,1.0,1.0,2.0,1.0
268,Walrein,365,,110,80,95,90,90,65,0,0,0,1,0,Ice,Water,1.0,1.0,0.5,2.0,2.0,0.25,2.0,1.0,1.0,1.0,1.0,1.0,2.0,1.0,1.0,1.0,1.0,1.0
269,Relicanth,369,,100,90,45,130,65,55,0,0,0,1,0,Water,Rock,0.5,0.25,1.0,2.0,4.0,0.5,2.0,0.5,2.0,0.5,1.0,1.0,1.0,1.0,1.0,1.0,1.0,1.0
287,Luxray,405,,80,120,95,79,79,70,0,0,0,1,0,Electric,-,1.0,1.0,1.0,0.5,1.0,1.0,1.0,1.0,2.0,0.5,1.0,1.0,1.0,1.0,1.0,1.0,0.5,1.0
289,Roserade,407,,60,70,125,65,105,90,0,0,0,1,0,Grass,Poison,1.0,2.0,0.5,0.5,0.25,2.0,0.5,1.0,1.0,2.0,2.0,1.0,1.0,1.0,1.0,1.0,1.0,0.5
291,Vespiquen,416,,70,80,80,102,102,40,0,0,0,1,0,Bug,Flying,1.0,2.0,1.0,2.0,0.25,2.0,0.25,1.0,0.0,2.0,1.0,0.5,4.0,1.0,1.0,1.0,1.0,1.0
293,Cherrim,421,,70,60,87,70,78,85,0,0,0,1,0,Grass,-,1.0,2.0,0.5,0.5,0.5,2.0,1.0,2.0,0.5,2.0,1.0,2.0,1.0,1.0,1.0,1.0,1.0,1.0
295,Gastrodon,423,,111,83,92,68,82,39,0,0,0,1,0,Water,Ground,1.0,0.5,1.0,0.0,4.0,1.0,1.0,0.5,1.0,1.0,1.0,1.0,0.5,1.0,1.0,1.0,0.5,1.0
297,Drifblim,426,,150,80,90,44,54,80,0,0,0,1,0,Ghost,Flying,0.0,1.0,1.0,2.0,0.5,2.0,0.0,0.5,0.0,1.0,1.0,0.25,2.0,2.0,1.0,2.0,1.0,1.0
299,Lopunny,428,,65,76,54,84,96,105,0,0,0,1,0,Normal,-,1.0,1.0,1.0,1.0,1.0,1.0,2.0,1.0,1.0,1.0,1.0,1.0,1.0,0.0,1.0,1.0,1.0,1.0
301,Skuntank,435,,103,93,71,67,61,84,0,0,0,1,0,Poison,Dark,1.0,1.0,1.0,1.0,0.5,1.0,1.0,0.5,2.0,1.0,0.0,1.0,1.0,0.5,1.0,0.5,1.0,1.0
303,Bronzong,437,,67,89,79,116,116,33,0,0,0,1,0,Steel,Psychic,0.5,2.0,1.0,1.0,0.5,0.5,1.0,0.0,2.0,0.5,0.25,1.0,0.5,2.0,0.5,2.0,0.5,0.5
307,Spiritomb,442,,50,92,92,108,108,35,0,0,0,1,0,Ghost,Dark,0.0,1.0,1.0,1.0,1.0,1.0,0.0,0.5,1.0,1.0,0.0,1.0,1.0,1.0,1.0,1.0,1.0,2.0
313,Lucario,448,,70,110,115,70,70,90,0,0,0,1,0,Fighting,Steel,0.5,2.0,1.0,1.0,0.5,0.5,2.0,0.0,2.0,1.0,1.0,0.25,0.25,1.0,0.5,0.5,0.5,1.0
315,Hippowdon,450,,108,112,68,118,72,47,0,0,0,1,0,Ground,-,1.0,1.0,2.0,0.0,2.0,2.0,1.0,0.5,1.0,1.0,1.0,1.0,0.5,1.0,1.0,1.0,1.0,1.0
317,Drapion,452,,70,90,60,110,75,95,0,0,0,1,0,Poison,Dark,1.0,1.0,1.0,1.0,0.5,1.0,1.0,0.5,2.0,1.0,0.0,1.0,1.0,0.5,1.0,0.5,1.0,1.0
319,Toxicroak,454,,83,106,86,65,65,85,0,0,0,1,0,Poison,Fighting,1.0,1.0,1.0,1.0,0.5,1.0,0.5,0.5,2.0,2.0,4.0,0.25,0.5,1.0,1.0,0.5,1.0,1.0
322,Abomasnow,460,,90,92,92,75,85,60,0,0,0,1,0,Grass,Ice,1.0,4.0,0.5,0.5,0.5,1.0,2.0,2.0,0.5,2.0,1.0,2.0,2.0,1.0,1.0,1.0,2.0,1.0
323,Weavile,461,,70,120,45,65,85,125,0,0,0,1,0,Dark,Ice,1.0,2.0,1.0,1.0,1.0,0.5,4.0,1.0,1.0,1.0,0.0,2.0,2.0,0.5,1.0,0.5,2.0,2.0
324,Magnezone,462,,70,70,130,115,90,60,0,0,0,1,0,Electric,Steel,0.5,2.0,1.0,0.5,0.5,0.5,2.0,0.0,4.0,0.25,0.5,0.5,0.5,1.0,0.5,1.0,0.25,0.5
325,Lickilicky,463,,110,85,80,95,95,50,0,0,0,1,0,Normal,-,1.0,1.0,1.0,1.0,1.0,1.0,2.0,1.0,1.0,1.0,1.0,1.0,1.0,0.0,1.0,1.0,1.0,1.0
326,Rhyperior,464,,115,140,55,130,55,40,0,0,0,1,0,Ground,Rock,0.5,0.5,4.0,0.0,4.0,2.0,2.0,0.25,2.0,0.5,1.0,1.0,0.5,1.0,1.0,1.0,2.0,1.0
327,Tangrowth,465,,100,100,110,125,50,50,0,0,0,1,0,Grass,-,1.0,2.0,0.5,0.5,0.5,2.0,1.0,2.0,0.5,2.0,1.0,2.0,1.0,1.0,1.0,1.0,1.0,1.0
328,Electivire,466,,75,123,95,67,85,95,0,0,0,1,0,Electric,-,1.0,1.0,1.0,0.5,1.0,1.0,1.0,1.0,2.0,0.5,1.0,1.0,1.0,1.0,1.0,1.0,0.5,1.0
329,Magmortar,467,,75,95,125,67,95,83,0,0,0,1,0,Fire,-,1.0,0.5,2.0,1.0,0.5,0.5,1.0,1.0,2.0,1.0,1.0,0.5,2.0,1.0,1.0,1.0,0.5,0.5
330,Togekiss,468,,85,50,120,95,115,80,0,0,0,1,0,Fairy,Flying,1.0,1.0,1.0,2.0,0.5,2.0,0.25,2.0,0.0,1.0,1.0,0.25,2.0,1.0,0.0,0.5,2.0,1.0
331,Leafeon,470,,65,110,60,130,65,95,0,0,0,1,0,Grass,-,1.0,2.0,0.5,0.5,0.5,2.0,1.0,2.0,0.5,2.0,1.0,2.0,1.0,1.0,1.0,1.0,1.0,1.0
332,Glaceon,471,,65,60,130,110,95,65,0,0,0,1,0,Ice,-,1.0,2.0,1.0,1.0,1.0,0.5,2.0,1.0,1.0,1.0,1.0,1.0,2.0,1.0,1.0,1.0,2.0,1.0
333,Mamoswine,473,,110,130,70,80,60,80,0,0,0,1,0,Ice,Ground,1.0,2.0,2.0,0.0,2.0,1.0,2.0,0.5,1.0,1.0,1.0,1.0,1.0,1.0,1.0,1.0,2.0,1.0
334,Porygon-Z,474,,85,80,135,70,75,90,0,0,0,1,0,Normal,-,1.0,1.0,1.0,1.0,1.0,1.0,2.0,1.0,1.0,1.0,1.0,1.0,1.0,0.0,1.0,1.0,1.0,1.0
335,Gallade,475,,68,125,65,65,115,80,0,0,0,1,0,Psychic,Fighting,1.0,1.0,1.0,1.0,1.0,1.0,0.5,1.0,1.0,2.0,1.0,1.0,0.5,2.0,1.0,1.0,1.0,2.0
336,Dusknoir,477,,45,100,65,135,135,45,0,0,0,1,0,Ghost,-,0.0,1.0,1.0,1.0,1.0,1.0,0.0,0.5,1.0,1.0,1.0,0.5,1.0,2.0,1.0,2.0,1.0,1.0
337,Froslass,478,,70,80,80,70,70,110,0,0,0,1,0,Ice,Ghost,0.0,2.0,1.0,1.0,1.0,0.5,0.0,0.5,1.0,1.0,1.0,0.5,2.0,2.0,1.0,2.0,2.0,1.0
338,Rotom,479,,50,50,95,77,77,91,0,0,0,1,0,Ghost,Electric,0.0,1.0,1.0,0.5,1.0,1.0,0.0,0.5,2.0,0.5,1.0,0.5,1.0,2.0,1.0,2.0,0.5,1.0
339,Rotom (Frost),479,479f,50,65,105,107,107,86,0,0,0,1,0,Electric,Ice,1.0,2.0,1.0,0.5,1.0,0.5,2.0,1.0,2.0,0.5,1.0,1.0,2.0,1.0,1.0,1.0,1.0,1.0
340,Rotom (Heat),479,479h,50,65,105,107,107,86,0,0,0,1,0,Electric,Fire,1.0,0.5,2.0,0.5,0.5,0.5,1.0,1.0,4.0,0.5,1.0,0.5,2.0,1.0,1.0,1.0,0.25,0.5
341,Rotom (Mow),479,479m,50,65,105,107,107,86,0,0,0,1,0,Electric,Grass,1.0,2.0,0.5,0.25,0.5,2.0,1.0,2.0,1.0,1.0,1.0,2.0,1.0,1.0,1.0,1.0,0.5,1.0
342,Rotom (Fan),479,479s,50,65,105,107,107,86,0,0,0,1,0,Electric,Flying,1.0,1.0,1.0,1.0,0.5,2.0,0.5,1.0,0.0,0.5,1.0,0.5,2.0,1.0,1.0,1.0,0.5,1.0
343,Rotom (Wash),479,479w,50,65,105,107,107,86,0,0,0,1,0,Electric,Water,1.0,0.5,0.5,1.0,2.0,0.5,1.0,1.0,2.0,0.5,1.0,1.0,1.0,1.0,1.0,1.0,0.25,1.0
357,Stoutland,508,,85,110,45,90,90,80,0,0,0,1,0,Normal,-,1.0,1.0,1.0,1.0,1.0,1.0,2.0,1.0,1.0,1.0,1.0,1.0,1.0,0.0,1.0,1.0,1.0,1.0
359,Liepard,510,,64,88,88,50,50,106,0,0,0,1,0,Dark,-,1.0,1.0,1.0,1.0,1.0,1.0,2.0,1.0,1.0,1.0,0.0,2.0,1.0,0.5,1.0,0.5,1.0,2.0
361,Musharna,518,,116,55,107,85,95,29,0,0,0,1,0,Psychic,-,1.0,1.0,1.0,1.0,1.0,1.0,0.5,1.0,1.0,1.0,0.5,2.0,1.0,2.0,1.0,2.0,1.0,1.0
364,Unfezant,521,,80,115,65,80,55,93,0,0,0,1,0,Normal,Flying,1.0,1.0,1.0,2.0,0.5,2.0,1.0,1.0,0.0,1.0,1.0,0.5,2.0,0.0,1.0,1.0,1.0,1.0
367,Gigalith,526,,85,135,60,130,80,25,0,0,0,1,0,Rock,-,0.5,0.5,2.0,1.0,2.0,1.0,2.0,0.5,2.0,0.5,1.0,1.0,1.0,1.0,1.0,1.0,2.0,1.0
369,Swoobat,528,,67,57,77,55,55,114,0,0,0,1,0,Psychic,Flying,1.0,1.0,1.0,2.0,0.5,2.0,0.25,1.0,0.0,1.0,0.5,1.0,2.0,2.0,1.0,2.0,1.0,1.0
371,Excadrill,530,,110,135,50,60,65,88,0,0,0,1,0,Ground,Steel,0.5,2.0,2.0,0.0,1.0,1.0,2.0,0.0,2.0,0.5,0.5,0.5,0.25,1.0,0.5,1.0,0.5,0.5
372,Audino,531,,103,60,60,86,86,50,0,0,0,1,0,Normal,-,1.0,1.0,1.0,1.0,1.0,1.0,2.0,1.0,1.0,1.0,1.0,1.0,1.0,0.0,1.0,1.0,1.0,1.0
375,Conkeldurr,534,,105,140,55,95,65,45,0,0,0,1,0,Fighting,-,1.0,1.0,1.0,1.0,1.0,1.0,1.0,1.0,1.0,2.0,2.0,0.5,0.5,1.0,1.0,0.5,1.0,2.0
378,Seismitoad,537,,105,95,85,75,75,74,0,0,0,1,0,Water,Ground,1.0,0.5,1.0,0.0,4.0,1.0,1.0,0.5,1.0,1.0,1.0,1.0,0.5,1.0,1.0,1.0,0.5,1.0
379,Throh,538,,120,100,30,85,85,45,0,0,0,1,0,Fighting,-,1.0,1.0,1.0,1.0,1.0,1.0,1.0,1.0,1.0,2.0,2.0,0.5,0.5,1.0,1.0,0.5,1.0,2.0
380,Sawk,539,,75,125,30,75,75,85,0,0,0,1,0,Fighting,-,1.0,1.0,1.0,1.0,1.0,1.0,1.0,1.0,1.0,2.0,2.0,0.5,0.5,1.0,1.0,0.5,1.0,2.0
383,Scolipede,545,,60,100,55,89,69,112,0,0,0,1,0,Bug,Poison,1.0,2.0,1.0,1.0,0.25,1.0,0.25,0.5,1.0,2.0,2.0,0.5,2.0,1.0,1.0,1.0,1.0,0.5
385,Whimsicott,547,,60,67,77,85,75,116,0,0,0,1,0,Grass,Fairy,1.0,2.0,0.5,0.5,0.5,2.0,0.5,4.0,0.5,2.0,1.0,1.0,1.0,1.0,0.0,0.5,2.0,1.0
387,Lilligant,549,,70,60,110,75,75,90,0,0,0,1,0,Grass,-,1.0,2.0,0.5,0.5,0.5,2.0,1.0,2.0,0.5,2.0,1.0,2.0,1.0,1.0,1.0,1.0,1.0,1.0
388,Basculin,550,,70,92,80,65,55,98,0,0,0,1,0,Water,-,1.0,0.5,0.5,2.0,2.0,0.5,1.0,1.0,1.0,1.0,1.0,1.0,1.0,1.0,1.0,1.0,0.5,1.0
391,Krookodile,553,,95,117,65,80,70,92,0,0,0,1,0,Ground,Dark,1.0,1.0,2.0,0.0,2.0,2.0,2.0,0.5,1.0,1.0,0.0,2.0,0.5,0.5,1.0,0.5,1.0,2.0
396,Maractus,556,,75,86,106,67,67,60,0,0,0,1,0,Grass,-,1.0,2.0,0.5,0.5,0.5,2.0,1.0,2.0,0.5,2.0,1.0,2.0,1.0,1.0,1.0,1.0,1.0,1.0
398,Crustle,558,,70,105,65,125,75,45,0,0,0,1,0,Bug,Rock,0.5,1.0,2.0,1.0,1.0,1.0,1.0,0.5,1.0,1.0,1.0,1.0,2.0,1.0,1.0,1.0,2.0,1.0
400,Scrafty,560,,65,90,45,115,115,58,0,0,0,1,0,Dark,Fighting,1.0,1.0,1.0,1.0,1.0,1.0,2.0,1.0,1.0,2.0,0.0,1.0,0.5,0.5,1.0,0.25,1.0,4.0
401,Sigilyph,561,,72,58,103,80,80,97,0,0,0,1,0,Psychic,Flying,1.0,1.0,1.0,2.0,0.5,2.0,0.25,1.0,0.0,1.0,0.5,1.0,2.0,2.0,1.0,2.0,1.0,1.0
404,Cofagrigus,563,,58,50,95,145,105,30,0,0,0,1,0,Ghost,-,0.0,1.0,1.0,1.0,1.0,1.0,0.0,0.5,1.0,1.0,1.0,0.5,1.0,2.0,1.0,2.0,1.0,1.0
406,Carracosta,565,,74,108,83,133,65,32,0,0,0,1,0,Water,Rock,0.5,0.25,1.0,2.0,4.0,0.5,2.0,0.5,2.0,0.5,1.0,1.0,1.0,1.0,1.0,1.0,1.0,1.0
410,Garbodor,569,,80,95,60,82,82,75,0,0,0,1,0,Poison,-,1.0,1.0,1.0,1.0,0.5,1.0,0.5,0.5,2.0,1.0,2.0,0.5,1.0,1.0,1.0,1.0,1.0,0.5
412,Zoroark,571,,60,105,120,60,60,105,0,0,0,1,0,Dark,-,1.0,1.0,1.0,1.0,1.0,1.0,2.0,1.0,1.0,1.0,0.0,2.0,1.0,0.5,1.0,0.5,1.0,2.0
414,Cinccino,573,,75,95,65,60,60,115,0,0,0,1,0,Normal,-,1.0,1.0,1.0,1.0,1.0,1.0,2.0,1.0,1.0,1.0,1.0,1.0,1.0,0.0,1.0,1.0,1.0,1.0
417,Gothitelle,576,,70,55,95,95,110,65,0,0,0,1,0,Psychic,-,1.0,1.0,1.0,1.0,1.0,1.0,0.5,1.0,1.0,1.0,0.5,2.0,1.0,2.0,1.0,2.0,1.0,1.0
420,Reuniclus,579,,110,65,125,75,85,30,0,0,0,1,0,Psychic,-,1.0,1.0,1.0,1.0,1.0,1.0,0.5,1.0,1.0,1.0,0.5,2.0,1.0,2.0,1.0,2.0,1.0,1.0
423,Vanilluxe,584,,71,95,110,85,95,79,0,0,0,1,0,Ice,-,1.0,2.0,1.0,1.0,1.0,0.5,2.0,1.0,1.0,1.0,1.0,1.0,2.0,1.0,1.0,1.0,2.0,1.0
424,Emolga,587,,55,75,75,60,60,103,0,0,0,1,0,Electric,Flying,1.0,1.0,1.0,1.0,0.5,2.0,0.5,1.0,0.0,0.5,1.0,0.5,2.0,1.0,1.0,1.0,0.5,1.0
426,Escavalier,589,,70,135,60,105,105,20,0,0,0,1,0,Bug,Steel,0.5,4.0,1.0,1.0,0.25,0.5,1.0,0.0,1.0,1.0,0.5,0.5,1.0,1.0,0.5,1.0,0.5,0.5
428,Amoonguss,591,,114,85,85,70,80,30,0,0,0,1,0,Grass,Poison,1.0,2.0,0.5,0.5,0.25,2.0,0.5,1.0,1.0,2.0,2.0,1.0,1.0,1.0,1.0,1.0,1.0,0.5
430,Jellicent,593,,100,60,85,70,105,60,0,0,0,1,0,Water,Ghost,0.0,0.5,0.5,2.0,2.0,0.5,0.0,0.5,1.0,1.0,1.0,0.5,1.0,2.0,1.0,2.0,0.5,1.0
432,Galvantula,596,,70,77,97,60,60,108,0,0,0,1,0,Bug,Electric,1.0,2.0,1.0,0.5,0.5,1.0,0.5,1.0,1.0,1.0,1.0,1.0,2.0,1.0,1.0,1.0,0.5,1.0
434,Ferrothorn,598,,74,94,54,131,116,20,0,0,0,1,0,Grass,Steel,0.5,4.0,0.5,0.5,0.25,1.0,2.0,0.0,1.0,1.0,0.5,1.0,0.5,1.0,0.5,1.0,0.5,0.5
437,Klinklang,601,,60,100,70,115,85,90,0,0,0,1,0,Steel,-,0.5,2.0,1.0,1.0,0.5,0.5,2.0,0.0,2.0,0.5,0.5,0.5,0.5,1.0,0.5,1.0,0.5,0.5
439,Beheeyem,606,,75,75,125,75,95,40,0,0,0,1,0,Psychic,-,1.0,1.0,1.0,1.0,1.0,1.0,0.5,1.0,1.0,1.0,0.5,2.0,1.0,2.0,1.0,2.0,1.0,1.0
442,Chandelure,609,,60,55,145,90,90,80,0,0,0,1,0,Ghost,Fire,0.0,0.5,2.0,1.0,0.5,0.5,0.0,0.5,2.0,1.0,1.0,0.25,2.0,2.0,1.0,2.0,0.5,0.5
445,Haxorus,612,,76,147,60,90,70,97,0,0,0,1,0,Dragon,-,1.0,0.5,0.5,0.5,0.5,2.0,1.0,1.0,1.0,1.0,1.0,1.0,1.0,1.0,2.0,1.0,1.0,2.0
447,Beartic,614,,95,130,70,80,80,50,0,0,0,1,0,Ice,-,1.0,2.0,1.0,1.0,1.0,0.5,2.0,1.0,1.0,1.0,1.0,1.0,2.0,1.0,1.0,1.0,2.0,1.0
448,Cryogonal,615,,80,50,95,50,135,105,0,0,0,1,0,Ice,-,1.0,2.0,1.0,1.0,1.0,0.5,2.0,1.0,1.0,1.0,1.0,1.0,2.0,1.0,1.0,1.0,2.0,1.0
450,Accelgor,617,,80,70,100,40,60,145,0,0,0,1,0,Bug,-,1.0,2.0,1.0,1.0,0.5,1.0,0.5,1.0,0.5,2.0,1.0,1.0,2.0,1.0,1.0,1.0,1.0,1.0
451,Galarian Stunfisk,618-g,,109,81,66,99,84,32,0,0,0,1,0,Ground,Steel,0.5,2.0,2.0,0.0,1.0,1.0,2.0,0.0,2.0,0.5,0.5,0.5,0.25,1.0,0.5,1.0,0.5,0.5
452,Stunfisk,618,,109,66,81,84,99,32,0,0,0,1,0,Ground,Electric,1.0,1.0,2.0,0.0,2.0,2.0,1.0,0.5,2.0,0.5,1.0,1.0,0.5,1.0,1.0,1.0,0.5,1.0
454,Mienshao,620,,65,125,95,60,60,105,0,0,0,1,0,Fighting,-,1.0,1.0,1.0,1.0,1.0,1.0,1.0,1.0,1.0,2.0,2.0,0.5,0.5,1.0,1.0,0.5,1.0,2.0
455,Druddigon,621,,77,120,60,90,90,48,0,0,0,1,0,Dragon,-,1.0,0.5,0.5,0.5,0.5,2.0,1.0,1.0,1.0,1.0,1.0,1.0,1.0,1.0,2.0,1.0,1.0,2.0
457,Golurk,623,,89,124,55,80,80,55,0,0,0,1,0,Ground,Ghost,0.0,1.0,2.0,0.0,2.0,2.0,0.0,0.25,1.0,1.0,1.0,0.5,0.5,2.0,1.0,2.0,1.0,1.0
459,Bisharp,625,,65,125,60,100,70,70,0,0,0,1,0,Dark,Steel,0.5,2.0,1.0,1.0,0.5,0.5,4.0,0.0,2.0,0.5,0.0,1.0,0.5,0.5,0.5,0.5,0.5,1.0
460,Bouffalant,626,,95,110,40,95,95,55,0,0,0,1,0,Normal,-,1.0,1.0,1.0,1.0,1.0,1.0,2.0,1.0,1.0,1.0,1.0,1.0,1.0,0.0,1.0,1.0,1.0,1.0
462,Braviary,628,,100,123,57,75,75,80,0,0,0,1,0,Normal,Flying,1.0,1.0,1.0,2.0,0.5,2.0,1.0,1.0,0.0,1.0,1.0,0.5,2.0,0.0,1.0,1.0,1.0,1.0
464,Mandibuzz,630,,110,65,55,105,95,80,0,0,0,1,0,Dark,Flying,1.0,1.0,1.0,2.0,0.5,2.0,1.0,1.0,0.0,1.0,0.0,1.0,2.0,0.5,1.0,0.5,1.0,2.0
465,Heatmor,631,,85,97,105,66,66,65,0,0,0,1,0,Fire,-,1.0,0.5,2.0,1.0,0.5,0.5,1.0,1.0,2.0,1.0,1.0,0.5,2.0,1.0,1.0,1.0,0.5,0.5
466,Durant,632,,58,109,48,112,48,109,0,0,0,1,0,Bug,Steel,0.5,4.0,1.0,1.0,0.25,0.5,1.0,0.0,1.0,1.0,0.5,0.5,1.0,1.0,0.5,1.0,0.5,0.5
471,Volcarona,637,,85,60,135,65,105,100,0,0,0,1,0,Bug,Fire,1.0,1.0,2.0,1.0,0.25,0.5,0.5,1.0,1.0,2.0,1.0,0.5,4.0,1.0,1.0,1.0,0.5,0.5
489,Diggersby,660,,85,56,50,77,77,78,0,0,0,1,0,Normal,Ground,1.0,1.0,2.0,0.0,2.0,2.0,2.0,0.5,1.0,1.0,1.0,1.0,0.5,0.0,1.0,1.0,1.0,1.0
492,Talonflame,663,,78,81,74,71,69,126,0,0,0,1,0,Fire,Flying,1.0,0.5,2.0,2.0,0.25,1.0,0.5,1.0,0.0,1.0,1.0,0.25,4.0,1.0,1.0,1.0,0.5,0.5
494,Pangoro,675,,95,124,69,78,71,58,0,0,0,1,0,Fighting,Dark,1.0,1.0,1.0,1.0,1.0,1.0,2.0,1.0,1.0,2.0,0.0,1.0,0.5,0.5,1.0,0.25,1.0,4.0
496,Meowstic (m),678,,74,48,83,76,81,104,0,0,0,1,0,Psychic,-,1.0,1.0,1.0,1.0,1.0,1.0,0.5,1.0,1.0,1.0,0.5,2.0,1.0,2.0,1.0,2.0,1.0,1.0
497,Meowstic (f),678-f,,74,48,83,76,81,104,0,0,0,1,0,Psychic,-,1.0,1.0,1.0,1.0,1.0,1.0,0.5,1.0,1.0,1.0,0.5,2.0,1.0,2.0,1.0,2.0,1.0,1.0
502,Aromatisse,683,,101,72,99,72,89,29,0,0,0,1,0,Fairy,-,1.0,1.0,1.0,1.0,1.0,1.0,0.5,2.0,1.0,1.0,1.0,0.5,1.0,1.0,0.0,0.5,2.0,1.0
504,Slurpuff,685,,82,80,85,86,75,72,0,0,0,1,0,Fairy,-,1.0,1.0,1.0,1.0,1.0,1.0,0.5,2.0,1.0,1.0,1.0,0.5,1.0,1.0,0.0,0.5,2.0,1.0
506,Malamar,687,,86,92,68,88,75,73,0,0,0,1,0,Dark,Psychic,1.0,1.0,1.0,1.0,1.0,1.0,1.0,1.0,1.0,1.0,0.0,4.0,1.0,1.0,1.0,1.0,1.0,2.0
508,Barbaracle,689,,72,105,54,115,86,68,0,0,0,1,0,Rock,Water,0.5,0.25,1.0,2.0,4.0,0.5,2.0,0.5,2.0,0.5,1.0,1.0,1.0,1.0,1.0,1.0,1.0,1.0
510,Dragalge,691,,65,75,97,90,123,44,0,0,0,1,0,Poison,Dragon,1.0,0.5,0.5,0.5,0.25,2.0,0.5,0.5,2.0,1.0,2.0,0.5,1.0,1.0,2.0,1.0,1.0,1.0
512,Clawitzer,693,,71,73,120,88,89,59,0,0,0,1,0,Water,-,1.0,0.5,0.5,2.0,2.0,0.5,1.0,1.0,1.0,1.0,1.0,1.0,1.0,1.0,1.0,1.0,0.5,1.0
514,Heliolisk,695,,62,55,109,52,94,109,0,0,0,1,0,Electric,Normal,1.0,1.0,1.0,0.5,1.0,1.0,2.0,1.0,2.0,0.5,1.0,1.0,1.0,0.0,1.0,1.0,0.5,1.0
516,Tyrantrum,697,,82,121,69,119,59,71,0,0,0,1,0,Rock,Dragon,0.5,0.25,1.0,0.5,1.0,2.0,2.0,0.5,2.0,0.5,1.0,1.0,1.0,1.0,2.0,1.0,2.0,2.0
518,Aurorus,699,,123,77,99,72,92,58,0,0,0,1,0,Rock,Ice,0.5,1.0,2.0,1.0,2.0,0.5,4.0,0.5,2.0,0.5,1.0,1.0,2.0,1.0,1.0,1.0,4.0,1.0
519,Sylveon,700,,95,65,110,65,130,60,0,0,0,1,0,Fairy,-,1.0,1.0,1.0,1.0,1.0,1.0,0.5,2.0,1.0,1.0,1.0,0.5,1.0,1.0,0.0,0.5,2.0,1.0
520,Hawlucha,701,,78,92,74,75,63,118,0,0,0,1,0,Fighting,Flying,1.0,1.0,1.0,2.0,0.5,2.0,0.5,1.0,0.0,2.0,2.0,0.25,1.0,1.0,1.0,0.5,1.0,2.0
521,Dedenne,702,,67,58,81,57,67,101,0,0,0,1,0,Electric,Fairy,1.0,1.0,1.0,0.5,1.0,1.0,0.5,2.0,2.0,0.5,1.0,0.5,1.0,1.0,0.0,0.5,1.0,1.0
522,Carbink,703,,50,50,50,150,150,50,0,0,0,1,0,Rock,Fairy,0.5,0.5,2.0,1.0,2.0,1.0,1.0,1.0,2.0,0.5,1.0,0.5,1.0,1.0,0.0,0.5,4.0,1.0
526,Klefki,707,,57,80,80,91,87,75,0,0,0,1,0,Steel,Fairy,0.5,2.0,1.0,1.0,0.5,0.5,1.0,0.0,2.0,0.5,0.5,0.25,0.5,1.0,0.0,0.5,1.0,0.5
528,Trevenant,709,,85,110,65,76,82,56,0,0,0,1,0,Ghost,Grass,0.0,2.0,0.5,0.5,0.5,2.0,0.0,1.0,0.5,2.0,1.0,1.0,1.0,2.0,1.0,2.0,1.0,1.0
533,Gourgeist (small),711,,55,85,58,122,75,99,0,0,0,1,0,Ghost,Grass,0.0,2.0,0.5,0.5,0.5,2.0,0.0,1.0,0.5,2.0,1.0,1.0,1.0,2.0,1.0,2.0,1.0,1.0
534,Gourgeist (normal),711,,65,90,58,122,75,84,0,0,0,1,0,Ghost,Grass,0.0,2.0,0.5,0.5,0.5,2.0,0.0,1.0,0.5,2.0,1.0,1.0,1.0,2.0,1.0,2.0,1.0,1.0
535,Gourgeist (large),711,,75,95,58,122,75,69,0,0,0,1,0,Ghost,Grass,0.0,2.0,0.5,0.5,0.5,2.0,0.0,1.0,0.5,2.0,1.0,1.0,1.0,2.0,1.0,2.0,1.0,1.0
536,Gourgeist (super),711,,85,100,59,122,75,54,0,0,0,1,0,Ghost,Grass,0.0,2.0,0.5,0.5,0.5,2.0,0.0,1.0,0.5,2.0,1.0,1.0,1.0,2.0,1.0,2.0,1.0,1.0
538,Avalugg,713,,95,117,44,184,46,28,0,0,0,1,0,Ice,-,1.0,2.0,1.0,1.0,1.0,0.5,2.0,1.0,1.0,1.0,1.0,1.0,2.0,1.0,1.0,1.0,2.0,1.0
540,Noivern,715,,85,70,97,80,80,123,0,0,0,1,0,Flying,Dragon,1.0,0.5,0.5,1.0,0.25,4.0,0.5,1.0,0.0,1.0,1.0,0.5,2.0,1.0,2.0,1.0,1.0,2.0
548,Decidueye,724,,78,107,100,75,100,70,0,0,0,1,0,Grass,Ghost,0.0,2.0,0.5,0.5,0.5,2.0,0.0,1.0,0.5,2.0,1.0,1.0,1.0,2.0,1.0,2.0,1.0,1.0
551,Incineroar,727,,95,115,80,90,90,60,0,0,0,1,0,Fire,Dark,1.0,0.5,2.0,1.0,0.5,0.5,2.0,1.0,2.0,1.0,0.0,1.0,2.0,0.5,1.0,0.5,0.5,1.0
554,Primarina,730,,80,74,126,74,116,60,0,0,0,1,0,Water,Fairy,1.0,0.5,0.5,2.0,2.0,0.5,0.5,2.0,1.0,1.0,1.0,0.5,1.0,1.0,0.0,0.5,1.0,1.0
557,Vikavolt,738,,77,70,145,90,75,43,0,0,0,1,0,Bug,Electric,1.0,2.0,1.0,0.5,0.5,1.0,0.5,1.0,1.0,1.0,1.0,1.0,2.0,1.0,1.0,1.0,0.5,1.0
559,Ribombee,743,,60,55,95,60,70,124,0,0,0,1,0,Bug,Fairy,1.0,2.0,1.0,1.0,0.5,1.0,0.25,2.0,0.5,2.0,1.0,0.5,2.0,1.0,0.0,0.5,2.0,1.0
561,Lycanroc (Midday),745,,75,115,55,65,65,112,0,0,0,1,0,Rock,-,1.0,0.5,2.0,1.0,2.0,1.0,2.0,0.5,2.0,0.5,1.0,1.0,1.0,1.0,1.0,1.0,2.0,1.0
562,Lycanroc (Midnight),745-m,,85,115,55,75,75,82,0,0,0,1,0,Rock,-,1.0,0.5,2.0,1.0,2.0,1.0,2.0,0.5,2.0,0.5,1.0,1.0,1.0,1.0,1.0,1.0,2.0,1.0
563,Lycanroc (Dusk),745-d,,75,117,55,65,65,110,0,0,0,1,0,Rock,-,1.0,0.5,2.0,1.0,2.0,1.0,2.0,0.5,2.0,0.5,1.0,1.0,1.0,1.0,1.0,1.0,2.0,1.0
566,Toxapex,748,,50,63,53,152,142,35,0,0,0,1,0,Poison,Water,1.0,0.5,0.5,2.0,1.0,0.5,0.5,0.5,2.0,1.0,2.0,0.5,1.0,1.0,1.0,1.0,0.5,0.5
568,Mudsdale,750,,100,125,55,100,85,35,0,0,0,1,0,Ground,-,1.0,1.0,2.0,0.0,2.0,2.0,1.0,0.5,1.0,1.0,1.0,1.0,0.5,1.0,1.0,1.0,1.0,1.0
570,Araquanid,752,,68,70,50,92,132,42,0,0,0,1,0,Water,Bug,1.0,1.0,0.5,2.0,1.0,0.5,0.5,1.0,0.5,2.0,1.0,1.0,2.0,1.0,1.0,1.0,0.5,1.0
572,Lurantis,754,,70,105,80,90,90,45,0,0,0,1,0,Grass,-,1.0,2.0,0.5,0.5,0.5,2.0,1.0,2.0,0.5,2.0,1.0,2.0,1.0,1.0,1.0,1.0,1.0,1.0
574,Shiinotic,756,,60,45,90,80,100,30,0,0,0,1,0,Grass,Fairy,1.0,2.0,0.5,0.5,0.5,2.0,0.5,4.0,0.5,2.0,1.0,1.0,1.0,1.0,0.0,0.5,2.0,1.0
576,Salazzle,758,,68,64,111,60,60,117,0,0,0,1,0,Poison,Fire,1.0,0.5,2.0,1.0,0.25,0.5,0.5,0.5,4.0,1.0,2.0,0.25,2.0,1.0,1.0,1.0,0.5,0.25
578,Bewear,760,,120,125,55,80,60,60,0,0,0,1,0,Normal,Fighting,1.0,1.0,1.0,1.0,1.0,1.0,2.0,1.0,1.0,2.0,2.0,0.5,0.5,0.0,1.0,0.5,1.0,2.0
581,Tsareena,763,,72,120,50,98,98,72,0,0,0,1,0,Grass,-,1.0,2.0,0.5,0.5,0.5,2.0,1.0,2.0,0.5,2.0,1.0,2.0,1.0,1.0,1.0,1.0,1.0,1.0
582,Comfey,764,,51,52,82,90,110,100,0,0,0,1,0,Fairy,-,1.0,1.0,1.0,1.0,1.0,1.0,0.5,2.0,1.0,1.0,1.0,0.5,1.0,1.0,0.0,0.5,2.0,1.0
583,Oranguru,765,,90,60,90,80,110,60,0,0,0,1,0,Normal,Psychic,1.0,1.0,1.0,1.0,1.0,1.0,1.0,1.0,1.0,1.0,0.5,2.0,1.0,0.0,1.0,2.0,1.0,1.0
584,Passimian,766,,100,120,40,90,60,80,0,0,0,1,0,Fighting,-,1.0,1.0,1.0,1.0,1.0,1.0,1.0,1.0,1.0,2.0,2.0,0.5,0.5,1.0,1.0,0.5,1.0,2.0
586,Golisopod,768,,75,125,60,140,90,40,0,0,0,1,0,Fighting,Water,1.0,1.0,0.5,2.0,1.0,0.5,0.5,1.0,0.5,2.0,1.0,1.0,2.0,1.0,1.0,1.0,0.5,1.0
588,Palossand,770,,85,75,100,110,75,35,0,0,0,1,0,Fighting,Ground,1.0,1.0,2.0,0.0,2.0,2.0,0.0,0.25,1.0,1.0,1.0,0.5,0.5,2.0,1.0,2.0,1.0,1.0
609,Turtonator,776,,60,78,91,135,85,36,0,0,0,1,0,Fire,Dragon,1.0,0.25,1.0,0.5,0.25,1.0,1.0,1.0,2.0,1.0,1.0,0.5,2.0,1.0,2.0,1.0,0.5,1.0
610,Togedemaru,777,,65,98,40,63,73,96,0,0,0,1,0,Electric,Steel,1.0,2.0,1.0,0.5,0.5,0.5,2.0,0.0,4.0,0.25,0.5,0.5,0.5,1.0,0.5,1.0,0.25,0.5
611,Mimikyu,778,,55,90,50,80,105,96,0,0,0,1,0,Ghost,Fairy,0.0,1.0,1.0,1.0,1.0,1.0,0.0,1.0,1.0,1.0,1.0,0.25,1.0,2.0,0.0,1.0,2.0,1.0
612,Drampa,780,,78,60,135,85,91,36,0,0,0,1,0,Normal,Dragon,1.0,0.5,0.5,0.5,0.5,2.0,2.0,1.0,1.0,1.0,1.0,1.0,1.0,0.0,2.0,1.0,1.0,2.0
613,Dhelmise,781,,70,131,86,100,90,40,0,0,0,1,0,Ghost,Grass,1.0,2.0,0.5,0.5,0.5,2.0,0.0,1.0,0.5,2.0,1.0,1.0,1.0,2.0,1.0,2.0,1.0,1.0
645,Rillaboom,812,,100,125,60,90,70,85,0,0,0,1,0,Grass,-,1.0,2.0,0.5,0.5,0.5,2.0,1.0,2.0,0.5,2.0,1.0,2.0,1.0,1.0,1.0,1.0,1.0,1.0
648,Cinderace,815,,80,116,65,75,75,119,0,0,0,1,0,Fire,-,1.0,0.5,2.0,1.0,0.5,0.5,1.0,1.0,2.0,1.0,1.0,0.5,2.0,1.0,1.0,1.0,0.5,0.5
651,Inteleon,818,,70,85,125,65,65,120,0,0,0,1,0,Water,-,1.0,0.5,0.5,2.0,2.0,0.5,1.0,1.0,1.0,1.0,1.0,1.0,1.0,1.0,1.0,1.0,0.5,1.0
653,Greedent,820,,120,95,55,95,75,20,0,0,0,1,0,Normal,-,1.0,1.0,1.0,1.0,1.0,1.0,2.0,1.0,1.0,1.0,1.0,1.0,1.0,0.0,1.0,1.0,1.0,1.0
656,Corviknight,823,,98,87,53,105,85,67,0,0,0,1,0,Flying,Steel,1.0,2.0,1.0,2.0,0.25,1.0,1.0,0.0,0.0,0.5,0.5,0.25,1.0,1.0,0.5,1.0,0.5,0.5
659,Orbeetle,826,,60,45,80,110,120,90,0,0,0,1,0,Bug,Psychic,1.0,2.0,1.0,1.0,0.5,1.0,0.25,1.0,0.5,2.0,0.5,2.0,2.0,2.0,1.0,2.0,1.0,1.0
661,Thievul,828,,70,58,87,58,92,90,0,0,0,1,0,Dark,-,1.0,1.0,1.0,1.0,1.0,1.0,2.0,1.0,1.0,1.0,0.0,2.0,1.0,0.5,1.0,0.5,1.0,2.0
663,Eldegoss,830,,60,50,80,90,120,60,0,0,0,1,0,Grass,-,1.0,2.0,0.5,0.5,0.5,2.0,1.0,2.0,0.5,2.0,1.0,2.0,1.0,1.0,1.0,1.0,1.0,1.0
665,Dubwool,832,,72,80,60,100,90,88,0,0,0,1,0,Normal,-,1.0,1.0,1.0,1.0,1.0,1.0,2.0,1.0,1.0,1.0,1.0,1.0,1.0,0.0,1.0,1.0,1.0,1.0
667,Drednaw,834,,90,115,48,90,68,74,0,0,0,1,0,Water,Rock,1.0,0.25,1.0,2.0,4.0,0.5,2.0,0.5,2.0,0.5,1.0,1.0,1.0,1.0,1.0,1.0,1.0,1.0
669,Boltund,836,,69,90,90,60,60,121,0,0,0,1,0,Electric,-,1.0,1.0,1.0,0.5,1.0,1.0,1.0,1.0,2.0,0.5,1.0,1.0,1.0,1.0,1.0,1.0,0.5,1.0
672,Coalossal,839,,110,80,80,120,90,30,0,0,0,1,0,Rock,Fire,1.0,0.25,4.0,1.0,1.0,0.5,2.0,0.5,4.0,0.5,1.0,0.5,2.0,1.0,1.0,1.0,1.0,0.5
674,Flapple,841,,70,110,95,80,60,70,0,0,0,1,0,Grass,Dragon,1.0,1.0,0.25,0.25,0.25,4.0,1.0,2.0,0.5,2.0,1.0,2.0,1.0,1.0,2.0,1.0,1.0,2.0
675,Appletun,842,,110,85,100,80,80,30,0,0,0,1,0,Grass,Dragon,1.0,1.0,0.25,0.25,0.25,4.0,1.0,2.0,0.5,2.0,1.0,2.0,1.0,1.0,2.0,1.0,1.0,2.0
677,Sandaconda,844,,72,107,65,125,70,71,0,0,0,1,0,Ground,-,1.0,1.0,2.0,0.0,2.0,2.0,1.0,0.5,1.0,1.0,1.0,1.0,0.5,1.0,1.0,1.0,1.0,1.0
678,Cramorant,845,,70,85,85,55,95,85,0,0,0,1,0,Water,Flying,1.0,0.5,0.5,4.0,1.0,1.0,0.5,1.0,0.0,1.0,1.0,0.5,2.0,1.0,1.0,1.0,0.5,1.0
680,Barraskewda,847,,61,123,60,60,50,136,0,0,0,1,0,Water,-,1.0,0.5,0.5,2.0,2.0,0.5,1.0,1.0,1.0,1.0,1.0,1.0,1.0,1.0,1.0,1.0,0.5,1.0
682,Toxtricity (low key),849,849-l,75,98,114,70,70,75,0,0,0,1,0,Electric,Poison,1.0,1.0,1.0,0.5,0.5,1.0,0.5,0.5,4.0,0.5,2.0,0.5,1.0,1.0,1.0,1.0,0.5,0.5
683,Toxtricity (amped),849,,75,98,114,70,70,75,0,0,0,1,0,Electric,Poison,1.0,1.0,1.0,0.5,0.5,1.0,0.5,0.5,4.0,0.5,2.0,0.5,1.0,1.0,1.0,1.0,0.5,0.5
685,Centiskorch,851,,100,115,90,65,90,65,0,0,0,1,0,Fire,Bug,1.0,1.0,2.0,1.0,0.25,0.5,0.5,1.0,1.0,2.0,1.0,0.5,4.0,1.0,1.0,1.0,0.5,0.5
687,Grapploct,853,,80,118,70,90,80,42,0,0,0,1,0,Fighting,-,1.0,1.0,1.0,1.0,1.0,1.0,1.0,1.0,1.0,2.0,2.0,0.5,0.5,1.0,1.0,0.5,1.0,2.0
689,Polteageist,855,,60,65,134,65,114,70,0,0,0,1,0,Ghost,-,1.0,1.0,1.0,1.0,1.0,1.0,0.0,0.5,1.0,1.0,1.0,0.5,1.0,2.0,1.0,2.0,1.0,1.0
692,Hatterene,858,,57,90,136,95,103,29,0,0,0,1,0,Psychic,Fairy,1.0,1.0,1.0,1.0,1.0,1.0,0.25,2.0,1.0,1.0,0.5,1.0,1.0,2.0,0.0,1.0,2.0,1.0
695,Grimmsnarl,861,,95,120,95,65,75,60,0,0,0,1,0,Dark,Fairy,1.0,1.0,1.0,1.0,1.0,1.0,1.0,2.0,1.0,1.0,0.0,1.0,1.0,0.5,0.0,0.25,2.0,2.0
696,Obstagoon,862,,93,90,60,101,81,95,0,0,0,1,0,Dark,Normal,1.0,1.0,1.0,1.0,1.0,1.0,4.0,1.0,1.0,1.0,0.0,2.0,1.0,0.0,1.0,0.5,1.0,2.0
697,Perrserker,863,,70,110,50,100,60,50,0,0,0,1,0,Steel,-,1.0,2.0,1.0,1.0,0.5,0.5,2.0,0.0,2.0,0.5,0.5,0.5,0.5,1.0,0.5,1.0,0.5,0.5
698,Cursola,864,,60,95,145,50,130,30,0,0,0,1,0,Ghost,-,1.0,1.0,1.0,1.0,1.0,1.0,0.0,0.5,1.0,1.0,1.0,0.5,1.0,2.0,1.0,2.0,1.0,1.0
699,Sirfetch'd,865,,62,135,68,95,82,65,0,0,0,1,0,Fighting,-,1.0,1.0,1.0,1.0,1.0,1.0,1.0,1.0,1.0,2.0,2.0,0.5,0.5,1.0,1.0,0.5,1.0,2.0
700,Mr. Rime,866,,80,85,110,75,100,70,0,0,0,1,0,Ice,Psychic,1.0,2.0,1.0,1.0,1.0,0.5,1.0,1.0,1.0,1.0,0.5,2.0,2.0,2.0,1.0,2.0,2.0,1.0
701,Runerigus,867,,58,95,50,145,105,30,0,0,0,1,0,Ground,Ghost,1.0,1.0,2.0,0.0,2.0,2.0,0.0,0.25,1.0,1.0,1.0,0.5,0.5,2.0,1.0,2.0,1.0,1.0
703,Alcremie,869,,65,60,110,75,121,64,0,0,0,1,0,Fairy,-,1.0,1.0,1.0,1.0,1.0,1.0,0.5,2.0,1.0,1.0,1.0,0.5,1.0,1.0,0.0,0.5,2.0,1.0
704,Falinks,870,,65,100,70,100,60,75,0,0,0,1,0,Fighting,-,1.0,1.0,1.0,1.0,1.0,1.0,1.0,1.0,1.0,2.0,2.0,0.5,0.5,1.0,1.0,0.5,1.0,2.0
705,Pincurchin,871,,48,101,91,95,85,15,0,0,0,1,0,Electric,-,1.0,1.0,1.0,0.5,1.0,1.0,1.0,1.0,2.0,0.5,1.0,1.0,1.0,1.0,1.0,1.0,0.5,1.0
707,Frosmoth,873,,70,65,125,60,90,65,0,0,0,1,0,Ice,Bug,1.0,4.0,1.0,1.0,0.5,0.5,1.0,1.0,0.5,2.0,1.0,1.0,4.0,1.0,1.0,1.0,2.0,1.0
708,Stonjourner,874,,100,125,20,135,20,70,0,0,0,1,0,Rock,-,1.0,0.5,2.0,1.0,2.0,1.0,2.0,0.5,2.0,0.5,1.0,1.0,1.0,1.0,1.0,1.0,2.0,1.0
710,Indeedee (m),876,876-m,60,65,105,55,95,95,0,0,0,1,0,Psychic,Normal,1.0,1.0,1.0,1.0,1.0,1.0,1.0,1.0,1.0,1.0,0.5,2.0,1.0,0.0,1.0,2.0,1.0,1.0
711,Indeedee (f),876,876-f,70,55,95,65,105,85,0,0,0,1,0,Psychic,Normal,1.0,1.0,1.0,1.0,1.0,1.0,1.0,1.0,1.0,1.0,0.5,2.0,1.0,0.0,1.0,2.0,1.0,1.0
712,Morpeko,877,,58,95,70,58,58,97,0,0,0,1,0,Electric,Dark,1.0,1.0,1.0,0.5,1.0,1.0,2.0,1.0,2.0,0.5,0.0,2.0,1.0,0.5,1.0,0.5,0.5,2.0
714,Copperajah,879,,122,130,80,69,69,30,0,0,0,1,0,Steel,-,1.0,2.0,1.0,1.0,0.5,0.5,2.0,0.0,2.0,0.5,0.5,0.5,0.5,1.0,0.5,1.0,0.5,0.5
715,Dracozolt,880,,90,100,80,90,70,75,0,0,0,1,0,Electric,Dragon,1.0,0.5,0.5,0.25,0.5,2.0,1.0,1.0,2.0,0.5,1.0,1.0,1.0,1.0,2.0,1.0,0.5,2.0
716,Arctozolt,881,,90,100,90,90,80,55,0,0,0,1,0,Electric,Ice,1.0,2.0,1.0,0.5,1.0,0.5,2.0,1.0,2.0,0.5,1.0,1.0,2.0,1.0,1.0,1.0,1.0,1.0
717,Dracovish,882,,90,90,70,100,80,75,0,0,0,1,0,Water,Dragon,1.0,0.25,0.25,1.0,1.0,1.0,1.0,1.0,1.0,1.0,1.0,1.0,1.0,1.0,2.0,1.0,0.5,2.0
718,Arctovish,883,,90,90,80,100,90,55,0,0,0,1,0,Water,Ice,1.0,1.0,0.5,2.0,2.0,0.25,2.0,1.0,1.0,1.0,1.0,1.0,2.0,1.0,1.0,1.0,1.0,1.0
719,Duraludon,884,,70,95,120,115,50,85,0,0,0,1,0,Steel,Dragon,1.0,1.0,0.5,0.5,0.25,1.0,2.0,0.0,2.0,0.5,0.5,0.5,0.5,1.0,1.0,1.0,0.5,1.0
